<?xml version="1.0" encoding="UTF-8"?>
<project-private xmlns="http://www.netbeans.org/ns/project-private/1">
    <editor-bookmarks xmlns="http://www.netbeans.org/ns/editor-bookmarks/2" lastBookmarkId="0"/>
    <open-files xmlns="http://www.netbeans.org/ns/projectui-open-files/2">
        <group>
            <file>file:/C:/Users/Nicole%20Bertolino/OneDrive/Documents/WorkSpaceJava/Cadastro-de-Imovel-Java/Projeto_Imobiliaria_Nicole/src/projeto_imobiliaria_nicole/Projeto_Imobiliaria_Nicole.java</file>
            <file>file:/C:/Users/Nicole%20Bertolino/OneDrive/Documents/WorkSpaceJava/Cadastro-de-Imovel-Java/Projeto_Imobiliaria_Nicole/src/projeto_imobiliaria_nicole/Imovel.java</file>
            <file>file:/C:/Users/Nicole%20Bertolino/OneDrive/Documents/WorkSpaceJava/Cadastro-de-Imovel-Java/Projeto_Imobiliaria_Nicole/src/projeto_imobiliaria_nicole/BusinessImovel.java</file>
        </group>
    </open-files>
</project-private>
